{
    "analysis": [
        {
            "savestate": {
                "file": "state.json"
            }
        },
        {
            "density": {
                "atomic": {
                    "cl": {
                        "c/M": 0.4652881884551666
                    },
                    "h2po4": {
                        "c/M": 0.06860434115586783
                    },
                    "h3po4": {
                        "c/M": 0.09744925341135122
                    },
                    "hpo4": {
                        "c/M": 0.001660540103953132
                    },
                    "na": {
                        "c/M": 0.533893361267224
                    }
                },
                "molecular": null,
                "nskip": 1000,
                "nstep": 10,
                "relative time": 0.0442,
                "samples": 59900,
                "∛⟨V⟩": 100.0,
                "⟨1/V⟩": 1e-06,
                "⟨V⟩": 1000000.0,
                "⟨∛V⟩": 100.0
            }
        },
        {
            "reactioncoordinate": {
                "average": 0.0,
                "file": "Q.dat",
                "nskip": 1000,
                "nstep": 100,
                "property": "Q",
                "relative time": 0.000823,
                "samples": 5990,
                "type": "system"
            }
        },
        {
            "sanity": {
                "nskip": 0,
                "nstep": 100,
                "relative time": 0.000441,
                "samples": 6000
            }
        }
    ],
    "compiler": "4.2.1 Compatible Apple LLVM 10.0.0 (clang-1000.11.45.5)",
    "energy": [
        {
            "hamiltonian": [
                {
                    "nonbonded": {
                        "cutoff_g2g": null,
                        "pairpot": {
                            "default": [
                                {
                                    "wca": {
                                        "mixing": "LB"
                                    }
                                }
                            ]
                        }
                    },
                    "relative time": 0.28175986932597774
                }
            ]
        }
    ],
    "geometry": {
        "length": [
            100.0,
            100.0,
            100.0
        ],
        "type": "cuboid"
    },
    "git revision": "d2ee5e1e (2019-01-28)",
    "groups": [
        {
            "H3PO4": {
                "index": [
                    0,
                    99
                ],
                "size": 100
            }
        },
        {
            "Na": {
                "capacity": 1000,
                "index": [
                    100,
                    402
                ],
                "size": 303
            }
        },
        {
            "Cl": {
                "capacity": 1000,
                "index": [
                    1100,
                    1367
                ],
                "size": 268
            }
        }
    ],
    "moves": [
        {
            "speciation": {
                "acceptance": 0.471,
                "moves": 600000,
                "reactions": {
                    "= Na + Cl": {
                        "acceptance": 0.9655987429925831,
                        "attempts": 150198
                    },
                    "h2po4 = hpo4 + H + Na": {
                        "attempts": 74718
                    },
                    "h3po4 = h2po4 + H + Na": {
                        "acceptance": 0.9162694576847439,
                        "attempts": 150005
                    }
                },
                "relative time": 0.901,
                "relative time (without energy calc)": 0.196,
                "repeat": 1
            }
        }
    ],
    "number of groups": 3,
    "number of particles": 2100,
    "reactionlist": [
        {
            "h3po4 = h2po4 + H + Na": {
                "pK": 2.12,
                "pK'": 0.42102999566398164,
                "products": [
                    "h2po4",
                    "H",
                    "Na"
                ],
                "reactants": [
                    "h3po4"
                ]
            }
        },
        {
            "h2po4 = hpo4 + H + Na": {
                "pK": 7.21,
                "pK'": 5.511029995663981,
                "products": [
                    "hpo4",
                    "H",
                    "Na"
                ],
                "reactants": [
                    "h2po4"
                ]
            }
        },
        {
            "hpo4 = po4 + H + Na": {
                "pK": 12.67,
                "pK'": 10.971029995663981,
                "products": [
                    "po4",
                    "H",
                    "Na"
                ],
                "reactants": [
                    "hpo4"
                ]
            }
        },
        {
            "= Na + Cl": {
                "pK": -0.0,
                "pK'": 0.6020599913279623,
                "products": [
                    "Na",
                    "Cl"
                ],
                "reactants": []
            }
        }
    ],
    "relative drift": -4.440892098500626e-16,
    "temperature": 300.0
}
