{
    "comment" : "Coarse grained residues amino acid model (AAM)",
    "version" : "1.0",
    "atomlist" : [
        {"Na"   : { "q": 1, "r":1.9, "mw":22.99 }},
        {"Cl"   : { "q":-1, "r":1.7, "mw":35.45 }},
        {"ASP"  : { "q":-1, "r":3.6, "mw":110 }},
        {"HASP" : { "q":0,  "r":3.6, "mw":110 }},
        {"LASP" : { "q":2,  "r":3.6, "mw":110 }},
        {"CTR"  : { "q":-1, "r":2.0, "mw":16 }},
        {"HCTR" : { "q":0,  "r":2.0, "mw":16 }},
        {"GLU"  : { "q":-1, "r":3.8, "mw":122 }},
        {"HGLU" : { "q":0,  "r":3.8, "mw":122 }},
        {"LGLU" : { "q":2,  "r":3.8, "mw":122 }},
        {"HIS"  : { "q":0,  "r":3.9, "mw":130 }},
        {"HHIS" : { "q":1,  "r":3.9, "mw":130 }},
        {"NTR"  : { "q":0,  "r":2.0, "mw":14 }},
        {"HNTR" : { "q":1,  "r":2.0, "mw":14 }},
        {"TYR"  : { "q":-1, "r":4.1, "mw":154 }},
        {"HTYR" : { "q":0,  "r":4.1, "mw":154 }},
        {"LYS"  : { "q":0,  "r":3.7, "mw":116 }},
        {"HLYS" : { "q":1,  "r":3.7, "mw":116 }},
        {"CYS"  : { "q":-1, "r":3.6, "mw":103 }},
        {"HCYS" : { "q":0,  "r":3.6, "mw":103 }},
        {"ARG"  : { "q":0,  "r":4.0, "mw":144 }},
        {"HARG" : { "q":1,  "r":4.0, "mw":144 }},
        {"ALA"  : { "q":0,  "r":3.1, "mw":66 }},
        {"ILE"  : { "q":0,  "r":3.6, "mw":102 }},
        {"LEU"  : { "q":0,  "r":3.6, "mw":102 }},
        {"MET"  : { "q":0,  "r":3.8, "mw":122 }},
        {"PHE"  : { "q":0,  "r":3.9, "mw":138 }},
        {"PRO"  : { "q":0,  "r":3.4, "mw":90 }},
        {"TRP"  : { "q":0,  "r":4.3, "mw":176 }},
        {"VAL"  : { "q":0,  "r":3.4, "mw":90 }},
        {"SER"  : { "q":0,  "r":3.3, "mw":82 }},
        {"THR"  : { "q":0,  "r":3.5, "mw":94 }},
        {"ASN"  : { "q":0,  "r":3.6, "mw":108 }},
        {"GLN"  : { "q":0,  "r":3.8, "mw":120 }},
        {"GLY"  : { "q":0,  "r":2.9, "mw":54 }}
    ]
}
