{
    "analysis": [
        {
            "Polymer Shape": {
                "molecules": {
                    "POL": {
                        "√⟨Re²⟩": 30.0,
                        "√⟨Rg²⟩": 12.247,
                        "⟨Re²⟩/⟨Rg²⟩": 6.0,
                        "⟨Rg²⟩": 150.0
                    }
                },
                "nstep": 10,
                "samples": 10000
            }
        },
        {
            "savestate": {
                "file": "state.json"
            }
        }
    ],
    "compiler": "9.2.0",
    "energy": [
        {
            "hamiltonian": [
                {
                    "bonded": {
                        "bondlist-intramolecular": [
                            {
                                "harmonic": {
                                    "index": [
                                        0,
                                        1
                                    ],
                                    "k": 100.0,
                                    "req": 5.0
                                }
                            },
                            {
                                "harmonic": {
                                    "index": [
                                        1,
                                        2
                                    ],
                                    "k": 100.0,
                                    "req": 5.0
                                }
                            },
                            {
                                "harmonic": {
                                    "index": [
                                        2,
                                        3
                                    ],
                                    "k": 100.0,
                                    "req": 5.0
                                }
                            },
                            {
                                "harmonic": {
                                    "index": [
                                        3,
                                        4
                                    ],
                                    "k": 100.0,
                                    "req": 5.0
                                }
                            },
                            {
                                "harmonic": {
                                    "index": [
                                        4,
                                        5
                                    ],
                                    "k": 100.0,
                                    "req": 5.0
                                }
                            },
                            {
                                "harmonic": {
                                    "index": [
                                        5,
                                        6
                                    ],
                                    "k": 100.0,
                                    "req": 5.0
                                }
                            },
                            {
                                "harmonic": {
                                    "index": [
                                        6,
                                        7
                                    ],
                                    "k": 100.0,
                                    "req": 5.0
                                }
                            },
                            {
                                "harmonic": {
                                    "index": [
                                        7,
                                        8
                                    ],
                                    "k": 100.0,
                                    "req": 5.0
                                }
                            },
                            {
                                "harmonic": {
                                    "index": [
                                        8,
                                        9
                                    ],
                                    "k": 100.0,
                                    "req": 5.0
                                }
                            },
                            {
                                "harmonic": {
                                    "index": [
                                        9,
                                        10
                                    ],
                                    "k": 100.0,
                                    "req": 5.0
                                }
                            },
                            {
                                "harmonic": {
                                    "index": [
                                        10,
                                        11
                                    ],
                                    "k": 100.0,
                                    "req": 5.0
                                }
                            },
                            {
                                "harmonic": {
                                    "index": [
                                        11,
                                        12
                                    ],
                                    "k": 100.0,
                                    "req": 5.0
                                }
                            },
                            {
                                "harmonic": {
                                    "index": [
                                        12,
                                        13
                                    ],
                                    "k": 100.0,
                                    "req": 5.0
                                }
                            },
                            {
                                "harmonic": {
                                    "index": [
                                        13,
                                        14
                                    ],
                                    "k": 100.0,
                                    "req": 5.0
                                }
                            },
                            {
                                "harmonic": {
                                    "index": [
                                        14,
                                        15
                                    ],
                                    "k": 100.0,
                                    "req": 5.0
                                }
                            },
                            {
                                "harmonic": {
                                    "index": [
                                        15,
                                        16
                                    ],
                                    "k": 100.0,
                                    "req": 5.0
                                }
                            },
                            {
                                "harmonic": {
                                    "index": [
                                        16,
                                        17
                                    ],
                                    "k": 100.0,
                                    "req": 5.0
                                }
                            },
                            {
                                "harmonic": {
                                    "index": [
                                        17,
                                        18
                                    ],
                                    "k": 100.0,
                                    "req": 5.0
                                }
                            },
                            {
                                "harmonic": {
                                    "index": [
                                        18,
                                        19
                                    ],
                                    "k": 100.0,
                                    "req": 5.0
                                }
                            },
                            {
                                "harmonic": {
                                    "index": [
                                        19,
                                        20
                                    ],
                                    "k": 100.0,
                                    "req": 5.0
                                }
                            },
                            {
                                "harmonic": {
                                    "index": [
                                        20,
                                        21
                                    ],
                                    "k": 100.0,
                                    "req": 5.0
                                }
                            },
                            {
                                "harmonic": {
                                    "index": [
                                        21,
                                        22
                                    ],
                                    "k": 100.0,
                                    "req": 5.0
                                }
                            },
                            {
                                "harmonic": {
                                    "index": [
                                        22,
                                        23
                                    ],
                                    "k": 100.0,
                                    "req": 5.0
                                }
                            },
                            {
                                "harmonic": {
                                    "index": [
                                        23,
                                        24
                                    ],
                                    "k": 100.0,
                                    "req": 5.0
                                }
                            },
                            {
                                "harmonic": {
                                    "index": [
                                        24,
                                        25
                                    ],
                                    "k": 100.0,
                                    "req": 5.0
                                }
                            },
                            {
                                "harmonic": {
                                    "index": [
                                        25,
                                        26
                                    ],
                                    "k": 100.0,
                                    "req": 5.0
                                }
                            },
                            {
                                "harmonic": {
                                    "index": [
                                        26,
                                        27
                                    ],
                                    "k": 100.0,
                                    "req": 5.0
                                }
                            },
                            {
                                "harmonic": {
                                    "index": [
                                        27,
                                        28
                                    ],
                                    "k": 100.0,
                                    "req": 5.0
                                }
                            },
                            {
                                "harmonic": {
                                    "index": [
                                        28,
                                        29
                                    ],
                                    "k": 100.0,
                                    "req": 5.0
                                }
                            },
                            {
                                "harmonic": {
                                    "index": [
                                        29,
                                        30
                                    ],
                                    "k": 100.0,
                                    "req": 5.0
                                }
                            },
                            {
                                "harmonic": {
                                    "index": [
                                        30,
                                        31
                                    ],
                                    "k": 100.0,
                                    "req": 5.0
                                }
                            },
                            {
                                "harmonic": {
                                    "index": [
                                        31,
                                        32
                                    ],
                                    "k": 100.0,
                                    "req": 5.0
                                }
                            },
                            {
                                "harmonic": {
                                    "index": [
                                        32,
                                        33
                                    ],
                                    "k": 100.0,
                                    "req": 5.0
                                }
                            },
                            {
                                "harmonic": {
                                    "index": [
                                        33,
                                        34
                                    ],
                                    "k": 100.0,
                                    "req": 5.0
                                }
                            },
                            {
                                "harmonic": {
                                    "index": [
                                        34,
                                        35
                                    ],
                                    "k": 100.0,
                                    "req": 5.0
                                }
                            }
                        ],
                        "relative time": 0.17473658619416446
                    }
                }
            ]
        }
    ],
    "geometry": {
        "length": [
            500.0,
            500.0,
            500.0
        ],
        "type": "cuboid"
    },
    "git revision": "1099af7b (2019-12-02)",
    "groups": [
        {
            "POL": {
                "compressible": false,
                "index": [
                    0,
                    35
                ],
                "size": 36
            }
        }
    ],
    "last move": "pivot",
    "moves": [
        {
            "crankshaft": {
                "acceptance": 0.918,
                "dprot": 0.5,
                "molecule": "POL",
                "moves": 1001028,
                "relative time": 0.391,
                "relative time (without energy calc)": 0.148,
                "repeat": 10,
                "√⟨r_cm²⟩": 0.343
            }
        },
        {
            "pivot": {
                "acceptance": 0.972,
                "dprot": 0.5,
                "molecule": "POL",
                "moves": 998972,
                "relative time": 0.514,
                "relative time (without energy calc)": 0.195,
                "repeat": 10,
                "√⟨r_cm²⟩": 1.01
            }
        }
    ],
    "number of groups": 1,
    "number of particles": 36,
    "reactionlist": null,
    "relative drift": 0.0,
    "temperature": 300.0
}
