{
  "geometry": {
    "length": [
      50.0,
      50.0,
      100.0
    ],
    "type": "slit"
  },
  "groups": [
    {
      "atomic": true,
      "capacity": 40,
      "cm": [
        0.0,
        0.0,
        0.0
      ],
      "id": 0,
      "size": 40
    },
    {
      "atomic": true,
      "capacity": 20,
      "cm": [
        0.0,
        0.0,
        0.0
      ],
      "id": 1,
      "size": 20
    },
    {
      "atomic": true,
      "capacity": 20,
      "cm": [
        0.0,
        0.0,
        0.0
      ],
      "id": 2,
      "size": 20
    }
  ],
  "particles": [
    {
      "id": 0,
      "pos": [
        22.078093502132845,
        -16.65456097327187,
        42.14101461642723
      ],
      "q": 1.0
    },
    {
      "id": 1,
      "pos": [
        10.282533326637669,
        -17.78952499962201,
        -46.157922037742075
      ],
      "q": -1.0
    },
    {
      "id": 0,
      "pos": [
        -17.232158961857795,
        18.80351638404606,
        46.05328141947865
      ],
      "q": 1.0
    },
    {
      "id": 1,
      "pos": [
        -15.533961075302336,
        12.710824226213845,
        -35.46375285660635
      ],
      "q": -1.0
    },
    {
      "id": 0,
      "pos": [
        -7.0351076388337,
        12.400752347687765,
        14.637829342944206
      ],
      "q": 1.0
    },
    {
      "id": 1,
      "pos": [
        16.684848889220714,
        -16.920798284407326,
        -33.46566169443293
      ],
      "q": -1.0
    },
    {
      "id": 0,
      "pos": [
        12.719003112892782,
        -5.156374062093142,
        -26.50890494418333
      ],
      "q": 1.0
    },
    {
      "id": 1,
      "pos": [
        12.502935298503898,
        -8.606489203696068,
        -49.52298328745162
      ],
      "q": -1.0
    },
    {
      "id": 0,
      "pos": [
        16.37673972007776,
        19.946701077332715,
        41.60266533466303
      ],
      "q": 1.0
    },
    {
      "id": 1,
      "pos": [
        -16.013052544804598,
        -17.40707546268918,
        47.08739805884193
      ],
      "q": -1.0
    },
    {
      "id": 0,
      "pos": [
        -17.13116676015612,
        -13.772718167140743,
        -14.492312111718556
      ],
      "q": 1.0
    },
    {
      "id": 1,
      "pos": [
        -21.694911986268885,
        23.900700808547054,
        45.10709781470544
      ],
      "q": -1.0
    },
    {
      "id": 0,
      "pos": [
        -12.09596210544523,
        4.351790635329474,
        2.4195284734147684
      ],
      "q": 1.0
    },
    {
      "id": 1,
      "pos": [
        -8.79560933515125,
        -16.104228508993536,
        -35.60857066261972
      ],
      "q": -1.0
    },
    {
      "id": 0,
      "pos": [
        21.408141477726996,
        -7.482033333943834,
        -21.513026130317762
      ],
      "q": 1.0
    },
    {
      "id": 1,
      "pos": [
        -3.1459968315605007,
        24.532108626933173,
        36.41663381621251
      ],
      "q": -1.0
    },
    {
      "id": 0,
      "pos": [
        -14.812258589274604,
        -1.3928707123218924,
        31.162645133350946
      ],
      "q": 1.0
    },
    {
      "id": 1,
      "pos": [
        10.761781353872541,
        -2.7093716480044154,
        44.207695488064765
      ],
      "q": -1.0
    },
    {
      "id": 0,
      "pos": [
        1.495064343508807,
        -14.836231676262067,
        -5.2090967406282065
      ],
      "q": 1.0
    },
    {
      "id": 1,
      "pos": [
        15.224404744630842,
        -5.45313327550506,
        -49.14721263549992
      ],
      "q": -1.0
    },
    {
      "id": 0,
      "pos": [
        13.698747663886381,
        17.397689125388048,
        25.48328585167592
      ],
      "q": 1.0
    },
    {
      "id": 1,
      "pos": [
        7.774499848060296,
        -21.665403214944966,
        -20.615454475855355
      ],
      "q": -1.0
    },
    {
      "id": 0,
      "pos": [
        -6.993658870118109,
        6.79112313143783,
        -28.446062674347953
      ],
      "q": 1.0
    },
    {
      "id": 1,
      "pos": [
        8.834425492096532,
        15.285166604237524,
        -40.92380839723176
      ],
      "q": -1.0
    },
    {
      "id": 0,
      "pos": [
        -7.288537805598573,
        -12.08032289174986,
        1.380089984959363
      ],
      "q": 1.0
    },
    {
      "id": 1,
      "pos": [
        17.445928093394173,
        22.98741616366542,
        -44.76288064005782
      ],
      "q": -1.0
    },
    {
      "id": 0,
      "pos": [
        3.441830343207772,
        19.81559624467366,
        -17.746653046696224
      ],
      "q": 1.0
    },
    {
      "id": 1,
      "pos": [
        -20.094206232047398,
        -22.197196233082945,
        -22.517902369261684
      ],
      "q": -1.0
    },
    {
      "id": 0,
      "pos": [
        -18.92944211484337,
        10.733580841901983,
        13.848726732532839
      ],
      "q": 1.0
    },
    {
      "id": 1,
      "pos": [
        17.39552102204165,
        -5.149096457506444,
        17.27367224517283
      ],
      "q": -1.0
    },
    {
      "id": 0,
      "pos": [
        22.228284924369085,
        -22.170387405501113,
        -34.79047919215071
      ],
      "q": 1.0
    },
    {
      "id": 1,
      "pos": [
        19.17426302286485,
        -13.045301399581028,
        -46.16562765074883
      ],
      "q": -1.0
    },
    {
      "id": 0,
      "pos": [
        11.278752939799276,
        -14.828045002843783,
        -34.298005800348484
      ],
      "q": 1.0
    },
    {
      "id": 1,
      "pos": [
        -18.88592310392101,
        21.49584655511451,
        -25.73333621045171
      ],
      "q": -1.0
    },
    {
      "id": 0,
      "pos": [
        8.088940985040196,
        1.49635484420439,
        48.301889802735275
      ],
      "q": 1.0
    },
    {
      "id": 1,
      "pos": [
        -3.451864094699423,
        23.059048075584382,
        -49.40087874258314
      ],
      "q": -1.0
    },
    {
      "id": 0,
      "pos": [
        23.90589923856872,
        0.45696989577166924,
        30.76888317049303
      ],
      "q": 1.0
    },
    {
      "id": 1,
      "pos": [
        13.242742677542331,
        -14.14688947753737,
        33.80225342141184
      ],
      "q": -1.0
    },
    {
      "id": 0,
      "pos": [
        -7.54521547998142,
        -9.945967369448937,
        -8.653674354364941
      ],
      "q": 1.0
    },
    {
      "id": 1,
      "pos": [
        2.054899712720091,
        18.696864620249457,
        -47.05202849814411
      ],
      "q": -1.0
    },
    {
      "id": 0,
      "pos": [
        23.477712719976754,
        -3.334681771833109,
        -50.0
      ],
      "q": 1.0
    },
    {
      "id": 0,
      "pos": [
        -1.9415564376571748,
        18.072041271618357,
        -50.0
      ],
      "q": 1.0
    },
    {
      "id": 0,
      "pos": [
        -19.978445782111685,
        -8.555479492185484,
        -50.0
      ],
      "q": 1.0
    },
    {
      "id": 0,
      "pos": [
        -9.329517667906915,
        22.44572929800858,
        -50.0
      ],
      "q": 1.0
    },
    {
      "id": 0,
      "pos": [
        -4.87959066833589,
        8.547990527972507,
        -50.0
      ],
      "q": 1.0
    },
    {
      "id": 0,
      "pos": [
        23.421021847584132,
        -20.378445062406655,
        -50.0
      ],
      "q": 1.0
    },
    {
      "id": 0,
      "pos": [
        -9.62862450974613,
        0.20969797246043598,
        -50.0
      ],
      "q": 1.0
    },
    {
      "id": 0,
      "pos": [
        9.003511532838262,
        -6.310248521663669,
        -50.0
      ],
      "q": 1.0
    },
    {
      "id": 0,
      "pos": [
        11.46710322097048,
        3.6025839951778145,
        -50.0
      ],
      "q": 1.0
    },
    {
      "id": 0,
      "pos": [
        12.19498429886208,
        15.046281689208882,
        -50.0
      ],
      "q": 1.0
    },
    {
      "id": 0,
      "pos": [
        9.285905993758353,
        8.917509279146708,
        -50.0
      ],
      "q": 1.0
    },
    {
      "id": 0,
      "pos": [
        19.035058130751143,
        21.91639579217024,
        -50.0
      ],
      "q": 1.0
    },
    {
      "id": 0,
      "pos": [
        -3.412595615368557,
        -12.2531796501225,
        -50.0
      ],
      "q": 1.0
    },
    {
      "id": 0,
      "pos": [
        -20.803627262246483,
        -17.20050309245492,
        -50.0
      ],
      "q": 1.0
    },
    {
      "id": 0,
      "pos": [
        -14.944092470080273,
        -16.994864249734054,
        -50.0
      ],
      "q": 1.0
    },
    {
      "id": 0,
      "pos": [
        -15.445229563524792,
        -7.849713588755508,
        -50.0
      ],
      "q": 1.0
    },
    {
      "id": 0,
      "pos": [
        6.348204523829359,
        22.892436640976698,
        -50.0
      ],
      "q": 1.0
    },
    {
      "id": 0,
      "pos": [
        14.68463247301348,
        -0.019630973906567206,
        -50.0
      ],
      "q": 1.0
    },
    {
      "id": 0,
      "pos": [
        -24.563261088357322,
        2.018441708134983,
        -50.0
      ],
      "q": 1.0
    },
    {
      "id": 0,
      "pos": [
        -1.0203716950560935,
        -19.415783400438382,
        -50.0
      ],
      "q": 1.0
    },
    {
      "id": 1,
      "pos": [
        20.526231903857294,
        7.637477408522411,
        21.57438072618493
      ],
      "q": -1.0
    },
    {
      "id": 1,
      "pos": [
        23.150019400997834,
        -3.4068858087179645,
        -19.120018309626943
      ],
      "q": -1.0
    },
    {
      "id": 1,
      "pos": [
        -10.876399719638606,
        -13.241367052608998,
        -3.3304348253228566
      ],
      "q": -1.0
    },
    {
      "id": 1,
      "pos": [
        22.15324606046878,
        18.50169525903904,
        -49.32796353749178
      ],
      "q": -1.0
    },
    {
      "id": 1,
      "pos": [
        6.655492364783361,
        -1.7914220764416438,
        -49.805878325607075
      ],
      "q": -1.0
    },
    {
      "id": 1,
      "pos": [
        -3.5688415002015135,
        5.00029116911795,
        -40.99800075694666
      ],
      "q": -1.0
    },
    {
      "id": 1,
      "pos": [
        -17.943211110517726,
        -13.785796822098257,
        -45.671332563755804
      ],
      "q": -1.0
    },
    {
      "id": 1,
      "pos": [
        12.36023912305085,
        -14.35354981303508,
        -14.158107473495733
      ],
      "q": -1.0
    },
    {
      "id": 1,
      "pos": [
        -21.785002382435675,
        -7.31091068555336,
        -43.48886985717376
      ],
      "q": -1.0
    },
    {
      "id": 1,
      "pos": [
        -8.928809337089932,
        -22.3569228313659,
        -46.782341450168936
      ],
      "q": -1.0
    },
    {
      "id": 1,
      "pos": [
        16.737684712280057,
        -16.981053225284075,
        -45.003397711822394
      ],
      "q": -1.0
    },
    {
      "id": 1,
      "pos": [
        16.73119258880313,
        3.6561151848233644,
        -48.13058716436241
      ],
      "q": -1.0
    },
    {
      "id": 1,
      "pos": [
        11.99604813060506,
        2.8609057489305685,
        -42.983119187455046
      ],
      "q": -1.0
    },
    {
      "id": 1,
      "pos": [
        19.669554373230437,
        22.317564086827844,
        40.6790749909942
      ],
      "q": -1.0
    },
    {
      "id": 1,
      "pos": [
        17.3549134633714,
        17.802784976479295,
        -48.84523085161529
      ],
      "q": -1.0
    },
    {
      "id": 1,
      "pos": [
        -5.199096336981903,
        16.26910199239227,
        -48.14993055691586
      ],
      "q": -1.0
    },
    {
      "id": 1,
      "pos": [
        -17.805564020118396,
        -3.367510708930962,
        -45.3642630418601
      ],
      "q": -1.0
    },
    {
      "id": 1,
      "pos": [
        -4.632127360611013,
        16.55653331538139,
        26.544862579448207
      ],
      "q": -1.0
    },
    {
      "id": 1,
      "pos": [
        -2.4107270835600643,
        -14.864674720012117,
        -9.186903317859583
      ],
      "q": -1.0
    },
    {
      "id": 1,
      "pos": [
        -16.323508930234702,
        11.063189467278342,
        -25.216378240568584
      ],
      "q": -1.0
    }
  ],
  "random-global": {
    "seed": "2531281407 4203062579 3352536227 284404050 622556438 3294604392 1525213744 26935047 3395628696 565534650 3995813160 3535263023 119809282 2754583280 4080026403 3428475710 71172440 3193493654 1800271426 3197411543 3727752516 65288742 4144575189 1132091009 1843217308 3229200498 2240646458 2551678628 1711335853 408215100 155981396 3358344959 3898877361 3843781615 1185588164 38803755 3011089014 2697890845 4059392715 3316139305 1956849000 2989103667 2229000822 3966584664 3622830758 2908871111 3414883442 2510142433 3981939736 35530417 1888575365 2709310289 3092227989 2120724338 2722233546 1538799700 63231917 1635071724 3207741487 3416433808 1124071853 484612439 2667388049 4113936956 3595490890 2919658003 3689452516 3785181860 1656353835 1900718681 2996440879 1740358644 1383765124 3175087528 2421529618 272162627 1026655863 3807852540 3618724734 2806163177 827165448 1083462533 3831430152 796110483 1935034416 113423253 175800807 2708592353 2048222740 3194633548 1710779713 2626124252 83587823 1129994354 271818713 3583104271 2529083393 296292596 2496908309 295954179 1408161293 3506071582 1698367893 76929039 3702311633 699958136 2968139021 3820406028 558280843 1469454146 4272004113 1672764694 3658630367 3911178801 3972267124 1695036728 688038237 2298424673 153877580 1515049140 369170275 4031445994 3158539876 1326596373 2591728695 1519126318 2484825910 190969477 3755279769 2478864563 2904171204 753730600 1021728114 1793889484 1691083707 1588239389 4015660601 4134488322 2880978010 3879482255 3752403546 2413536638 943518060 145125046 302445164 2854755912 3418086282 2335247346 2916882164 3287507935 896800284 3242954508 659426898 3422553067 3813020074 2867064827 4028686546 757885351 2765659254 3636441084 1985352872 2093852405 1724831464 548965844 3435719852 3622583473 4245447510 2592392952 837274812 3741763315 3711603658 785216221 62437866 915341918 272550056 1163637447 607919094 1195541455 1604013519 1848901617 3645255134 1554267490 1608480918 146205716 4259214071 3103233458 1811301737 1031169385 4249852625 4070864593 2601123924 162718518 1091065705 2341797783 1409746201 762859365 1999060440 2209924391 2722108334 4208593995 3791552030 2961779671 2681163355 2585075951 2204786227 2224940817 3000816922 1935877784 28154033 3940243222 1256431476 3888921539 3549047190 160019663 3527104449 581756918 4130358258 2060934518 4259475580 3839334284 3177278712 378072551 260709226 98803836 2671040962 4275074131 3584385493 1447345391 4025809393 2662873947 3245704967 3614477113 1000394056 1115193030 16362301 1260038993 3636245614 4226522420 1653904343 36380701 2420849252 627331885 2924002964 2845741032 1418101690 561463164 589136808 106297056 3639119167 2600696411 2674058299 2590664053 2809197257 2051382428 3398754325 189145778 2156007649 3524413992 1874849593 4073300353 2822486814 222507911 3197993136 1801149876 2707784891 3675785340 1666497534 1352401570 2168802584 3019589941 352674175 3163808051 913313429 3993293208 2005117625 1874044157 1057265793 1554983933 460043064 1385270496 1802026010 3701416024 535590218 2414013138 1041259940 2160193684 4118728459 3808911547 3604629522 2399669438 1807299880 1846050449 3436571303 2198513671 3521856008 2798506970 2389084122 3245290306 2054777335 3800529207 2785569898 2693514040 1561282062 189366783 1479706910 3762396059 2501231958 1772475998 2635609609 1579952627 4189626603 2960448293 557649119 458807129 3653331230 924102933 1038906134 71062665 1684921686 3643791870 4086016321 2863997141 3184693547 3002975203 2111513662 638775281 1277812367 4055372016 876465094 2807155238 3478280049 2264447307 672734001 1048186458 3974062009 2958552945 2141154762 1603377859 3923461780 3878561927 3108805501 1008342416 658040604 1584903222 1020229363 2467598535 1598484563 2652610545 3353117668 1923109107 2427766906 1725857082 3183535257 172778693 987886453 3814684503 1291740649 3656337964 2745948508 440947168 1778926230 3091018766 2327536553 540486817 3129345691 3785669261 1289071114 1745095093 1085012715 3809491646 286884501 3506704291 388490625 1661125967 2593676738 2613221905 1847627627 2542697543 3032337111 3388848627 3628403414 4279414705 2804475052 2227182794 2383530735 3344490951 1753267692 1243821094 478789077 67260186 3104324585 1248224639 4166944597 999172728 3855027399 1615031800 3125221631 4029518369 681517672 3263212655 617148516 3350562766 2549524922 3267493705 1910623516 161360371 933712791 1082430929 3829191072 3995169696 2919026907 289761351 2304669983 186178726 3967781739 3935605576 3283127758 2189062483 1974764523 3716446783 1617342788 1885473244 4225941279 2577912178 1609464703 2743486061 1737895421 436325211 76216001 2406934342 2120919333 2317848313 3346112250 2588698273 503253281 2666885468 250368344 2136655619 2932723274 2810337531 2689460683 2062057198 2118866077 4063372338 866136334 682455924 1057860254 224421528 401217672 1536947164 530364954 1270893579 2387339670 2038393969 3534653505 1779333960 1229895736 1516570400 1148051876 3298122477 1913094880 217284479 1231838859 183251850 847623971 2498255572 3453384440 1815349714 716828441 3613973512 4035599222 3014287561 2494232282 3006982235 3440381198 3919098063 3300929998 1789869022 3587605891 3811118405 753656991 2208746618 898946548 2634705539 4107595944 3244116446 583959112 3643835918 2871339924 4133071889 2516680126 1128531814 943448647 4243509201 1541679817 1410031047 4287288988 1376159571 1746610538 2178951250 912540048 4164762763 3887632999 2482716661 1437417263 976635106 3035327272 1027592460 1295791548 2484259498 209938001 4091094716 1907587668 3895674956 518212882 127976705 3002175683 2238053790 914935238 459608101 907815426 2805463742 574304484 3071187442 3375103334 1763564070 1979482985 1218629739 3636904485 1796449729 3034929220 2936458223 3140160572 2635932991 2508516836 3318904572 364109209 4160389281 2843419486 732657130 1125890362 3722123367 409974972 3368791854 1636140779 4218331658 2515311216 2214060041 3671063189 878001056 920997514 1786910437 1862059190 3219418363 1997890548 2028046714 3507232793 2261478116 1284479571 184626475 868098698 570648479 114194847 1430545109 2006525998 1004249412 4272351361 2315674764 2045694720 3681329660 2015601603 2546971579 2602472899 2891921880 935164647 2855607727 2954156660 756846363 375485963 1086290523 1305375017 1050605358 3077412114 1230898058 641321547 1434580133 874873066 1450601131 2587052074 4098206949 3299832795 2491128227 880746574 451650083 2771429492 1283604928 3011680768 4144350639 2165027255 676809540 2604702353 24414080 531106885 2250802450 2197155221 531790780 1552820650 1576627296 599972720 2022643766 2831404769 3830959582 3224144356 23976348 2038449938 1071096330 3832977408 3589810610 2180046681 3923870597 12956768 796911418 3110410282 675253471 584"
  },
  "random-move": {
    "seed": "1088521867 4027660862 832598997 1791580207 1859642148 1836226310 377436811 1777471381 1037170248 3272054438 3571690744 122262053 2105643806 3424408684 1483734857 693850771 2567006754 4003956091 2706751491 2410191932 2044135937 1477183226 3398082757 216072865 3997473534 1030416338 4040454687 267296051 2330815846 2129564681 457042669 2036849563 4052575305 177887514 2273007221 1851014494 3455692271 1373401547 2221896810 1473154053 47750634 1498563102 4151560133 3547884229 3532194389 3153970719 1648359905 3893751018 3455867284 1034463879 3203525435 1863882080 2620092069 3093235955 3550006691 1339569468 2461518700 1910474076 601650815 4224023831 1430209394 3204429947 2192871433 4112707052 3828556977 2623052202 1238246473 3234539397 1218628732 1609499636 978226513 163417858 1486337169 2951585733 43733545 3359341761 3236887281 409562709 3210502182 1367491292 771940798 2278822735 1904845420 1146718775 199646547 1301845749 4200806963 90413594 196594835 3563478222 675832197 1456492061 2042972393 329157293 636600250 2440337535 4189536543 223659400 430422507 524894486 1634193607 2163777247 506348114 4182785101 2637355482 3998515925 849282511 2045152269 3846118925 1462616454 2721274718 2969112016 586239472 2145393364 2575968380 1227236727 1426093729 3630941666 1215538240 3147216719 794180903 4028682723 3036753404 2385872860 2782560849 662602314 4031444485 2724808465 3888725331 2707994587 1843865544 474792697 3006856887 355861575 1511799404 696304698 58452778 3806685745 2348012853 1563950787 823776922 790075635 600715605 1246173107 2217059338 2244466616 4038918538 1891420249 553373401 1938975401 780505802 533127937 2281998223 3646351498 3878608687 4291605815 2492705088 3308947021 1271550194 3938083790 1451606804 3241372977 3557321909 3888771353 4008712919 3839856346 3218655745 3179724373 1997668885 3816128337 2580158122 1892474600 4218341498 3007297546 2483507741 3877648964 1487018137 1380718772 3413184104 450123540 3681117713 3425764725 3223476880 2377252401 2675989379 3557663928 651995314 1058032636 1534549041 1692923855 3951519319 3764802419 1151852550 244653608 3193191200 1184501533 3875250840 1880697800 1195118185 4199405530 3960370069 1698116194 3740287919 3124599947 4046492837 3303442269 1691606950 2419482579 35125779 2705180744 2367707040 1806197345 1474751041 605117840 2994868565 3216449671 484529862 2809927473 2069491963 2673001487 3888168741 293146925 1698078608 3305089591 3824992006 3948637690 2352208152 719224260 2879776820 3731257804 3836384930 318694329 4271266925 1460967441 2618131790 1050458149 1960249278 857054632 2948125706 977991681 3127187247 3133580062 13215302 2606155523 638595572 1362584395 2323327194 172941301 1306124487 932399438 3528627098 680637765 34754328 3822094680 1113677116 161708395 4217050598 3143478566 3195673695 1664686463 3061110885 1392321946 3645290278 790205879 111214251 2963943847 3712296689 3907093526 1899318609 1464689546 2951655823 1258039352 2571685629 1757458377 10182725 2315849250 1057406428 244252297 287411314 34329484 3925949227 2290665244 2017860104 1816650027 3639373127 1772968756 1805914092 2451976265 3882744871 2801102705 2917347229 2383542414 1548599836 141698679 990381852 3189779977 148157543 1260434637 525361681 1469108097 3348337289 2456529905 399190315 1826960890 1993713474 2791280244 3361567711 3565090853 923478232 3590351446 2179107733 1898264861 1477641707 1217993663 4028175374 3066068441 2795845117 782151032 854832384 1708701659 1494957248 1041444624 1529561878 1474524644 3571990588 96234579 2100954556 1905243648 3063867581 708815974 747826300 2723681864 4191340525 3911450449 3735350457 2074594690 2653424848 101137981 2711233773 1006617473 1188382937 2674970077 3280325093 1034307428 884881715 367695060 834885813 2286523789 426706715 3403488778 974881530 1538403240 2372782604 934363858 3476534667 3241681369 889975520 2015028853 2735878482 3211856758 1664729538 669794821 2321831797 4107791625 245818573 3302213677 2713586148 1768399073 2900753440 1541186260 1899825351 669822075 33743795 1903137616 1982234472 2101330157 719852818 1667934964 3590438327 1988861860 2132669663 2441378071 1192093071 43651330 373459816 859612340 1369120810 3064526692 3362467106 640687422 3890782339 1898181384 451096458 2105980687 1664197047 1604226779 3216173714 1143354984 2511479637 1973179655 3332199565 1840718395 1160565282 3579341431 2849896431 1190251501 4034036968 1146364798 2484549684 1651752984 1086644382 3821656143 304992177 202231378 3499331147 2937692138 2063385912 4263336432 2182855068 2153024633 570650369 3096127691 1811666414 1542229265 2175378608 4007692281 3895989260 1268100705 3964811173 1519147994 1934488086 3306539101 3041518382 662835638 2583647435 4252020472 669410171 74212599 479908475 2442469608 3272623024 3890921961 3098980084 3283408883 899977037 3243634392 3321051412 2752485341 1745131863 2676845218 2266223516 306362580 237133083 946175797 2965208799 1449737317 3216918165 3189381290 2083569352 3110806682 848390580 2839795820 2966672906 490241159 3581210670 336396715 1216583917 2242371228 1788514324 1844005945 1646145702 2364893643 3352180839 1361253165 1160665562 2037422435 616333338 2521518522 772737229 1108135663 3941683374 848512572 3630707042 2976019497 2366865107 753431693 1910514140 2829180631 3194455283 554388896 1621000820 560344897 189724467 2601853157 4001458728 847861635 2331924109 1413135539 3924966554 2625004934 2536457575 3633369112 1832655347 1109579611 718153717 811858048 3849120469 4272747156 1143371670 2790888703 3592985626 2923630109 2916340702 1328898590 438439671 2297857390 3559002928 895675253 448505393 1295620523 630638686 3708470228 2072807405 3633846158 3780517849 1516569105 4245469970 1970112494 1998907073 303594316 4149997180 3809767591 706213234 365095791 4273623082 1736050073 1592701534 1812878654 3832110248 3502343730 3769136602 2205038423 1096521193 4214024110 2055693952 3132145568 3920539355 2378641325 2597270756 3053805901 119284882 3699842148 3360539624 3419732872 2364608498 502149432 884450223 3391221728 3106384019 2528199359 3703854604 774785544 779857528 4067019189 83326031 4209962832 145607466 3308954252 4066038877 409043662 476982373 1101727317 8011297 1969519410 2116649775 2763778319 2002649807 4039572620 3595098652 1512423557 1554685735 4222043335 63511459 4208478909 2670348294 3760188694 611314832 1385648765 2212384238 1020750333 281251523 965804849 1051840148 4114575395 3792939769 207524294 1003318925 2725759121 3736271192 2441370747 69307204 4166000593 1201939795 4035037226 123503855 2478325322 3037463077 4220627782 3728378557 3880547521 2019107832 1489213835 4291153301 271093102 2735468780 1590081147 450967052 2171564774 3665312759 736781632 2325085081 1892570359 492318395 113940744 548"
  },
  "reactionlist": []
}